"","region","sciname","family","genus","species","obslat1","gamhlat1","obsdepth1","gamhdepth1","fishinvert","DemersPelag3","biomass.b.lm","fished3","MaxLength","Troph","K","range","tsdur","extentlat"
"1","AFSC_Aleutians","Albatrossia pectoralis","Macrouridae","Albatrossia","pectoralis",-0.00116641478543131,0.000689064161209804,-0.198708738679516,-1.1408978573839,TRUE,"demersal",1.27684930065454,"no",210,4.320000172,0.140000001,36,31,3.30017
"12","AFSC_Aleutians","Anoplopoma fimbria","Anoplopomatidae","Anoplopoma","fimbria",-0.00961469225295326,0.00326869422565202,1.10832803188167,0.239788413716093,TRUE,"demersal",-0.258489931961859,"commercial",120,3.829999924,0.189999998,41,31,3.30017
"2","AFSC_Aleutians","Atheresthes spp.","Pleuronectidae","Atheresthes",NA,0.00447771520474205,0.0090300037472571,-1.16562777972559,-0.501135774184931,TRUE,"demersal",0.7851368620949,"no",NA,NA,NA,NA,31,3.30017
"33","AFSC_Aleutians","Bathymaster signatus","Bathymasteridae","Bathymaster","signatus",-0.00818959655836808,0.00651335716057198,-0.480387391816237,-0.522234190624043,TRUE,"demersal",0.000820104850696466,"no",38,3.549999952,NA,NA,31,3.30017
"8","AFSC_Aleutians","Bathyraja spp.","Rajidae","Bathyraja",NA,0.0133393446411658,0.00391822175333785,-1.89884754866761,-0.857564008070179,TRUE,"demersal",0.34423521937568,"no",NA,NA,NA,NA,31,3.30017
"32","AFSC_Aleutians","Berryteuthis magister","Gonatidae","Berryteuthis","magister",0.00975574552606371,0.0103342342316968,1.15815311152342,-0.600619256466574,FALSE,"pelagic",-0.113644421859615,"commercial",50,4.02,NA,34,31,3.30017
"19","AFSC_Aleutians","Chionoecetes bairdi","Oregoniidae","Chionoecetes","bairdi",0.0612299664933921,0.0233575931423004,-3.17723924966159,-0.856580156423955,FALSE,"demersal",0.00276713652252421,"commercial",NA,3.28,NA,NA,31,3.30017
"22","AFSC_Aleutians","Chlamys spp.","Pectinidae","Chlamys",NA,0.00258438730961645,0.00303439248404717,-0.870900605325511,-0.912721685692841,FALSE,"demersal",0.00804219572391891,"no",NA,NA,NA,NA,31,3.30017
"4","AFSC_Aleutians","Gadus macrocephalus","Gadidae","Gadus","macrocephalus",0.00941112647307422,0.00558895407699619,-1.11844184723227,-0.756563395578332,TRUE,"demersal",-0.993129397239163,"commercial",119,4.010000229,0.230000004,29,31,3.30017
"17","AFSC_Aleutians","Glyptocephalus zachirus","Pleuronectidae","Glyptocephalus","zachirus",0.00614142513920976,0.0163615039401327,-0.860288345920633,-1.87534638435334,TRUE,"demersal",0.0702785274791032,"commercial",60,3.24000001,0.150000006,36,31,3.30017
"23","AFSC_Aleutians","Gymnocanthus galeatus","Cottidae","Gymnocanthus","galeatus",0.000748898645220555,0.0053478450452102,-0.860627834576709,-0.591926280473405,TRUE,"demersal",0.000677805022167844,"no",36,3.359999895,0.129999995,NA,31,3.30017
"13","AFSC_Aleutians","Hemilepidotus jordani","Cottidae","Hemilepidotus","jordani",0.0159621532083811,0.00148673305776777,-1.15321686842893,-0.959484989875248,TRUE,"demersal",0.0214408638720709,"no",41,3.829999924,0.119999997,12,31,3.30017
"5","AFSC_Aleutians","Hemitripterus bolini","Hemitripteridae","Hemitripterus","bolini",-0.00474814840169533,0.00291025285963799,-2.44260883383365,-0.292702942133568,TRUE,"demersal",-0.0324135014559114,"no",73,4.489999771,NA,NA,31,3.30017
"10","AFSC_Aleutians","Hippoglossoides elassodon","Pleuronectidae","Hippoglossoides","elassodon",0.0176592704447062,0.0177372731554384,-0.888107132465252,-0.811134829211544,TRUE,"demersal",0.0551117446213487,"commercial",63.43999863,3.640000105,0.140000001,22,31,3.30017
"14","AFSC_Aleutians","Hippoglossus stenolepis","Pleuronectidae","Hippoglossus","stenolepis",0.0119228755139473,0.00785052906177113,-1.07217053857959,-0.6206306910951,TRUE,"demersal",0.0746360036278199,"commercial",267,4.130000114,0.07,31,31,3.30017
"11","AFSC_Aleutians","Lepidopsetta spp.","Pleuronectidae","Lepidopsetta",NA,0.0146605540508844,0.0116967649777425,-2.26799093608978,-1.0577956438755,TRUE,"demersal",0.264496512965677,"commercial",NA,NA,NA,NA,31,3.30017
"28","AFSC_Aleutians","Lithodes aequispinus","Lithodidae","Lithodes","aequispinus",0.016092985881482,0.00119619977062246,0.954578496125451,-0.458271550324444,FALSE,"demersal",0.00555884529353966,"commercial",NA,NA,NA,NA,31,3.30017
"16","AFSC_Aleutians","Malacocottus zonurus","Psychrolutidae","Malacocottus","zonurus",0.00155379099313186,0.00628866392583456,0.486533904829103,-0.393481283266066,TRUE,"demersal",0.00940866128087898,"no",42.70000076,3.200000048,0.119999997,20,31,3.30017
"27","AFSC_Aleutians","Microstomus pacificus","Pleuronectidae","Microstomus","pacificus",0.0013251836021535,0.0112901881632853,-1.4529392431445,-1.79785025886024,TRUE,"demersal",0.0151676891188591,"commercial",76,3.269999981,0.150000006,34,31,3.30017
"18","AFSC_Aleutians","Myoxocephalus spp.","Cottidae","Myoxocephalus",NA,0.00790213805291253,0.0115943481602811,-1.30888544364907,-0.931260161597301,TRUE,"demersal",-0.0628318452250675,"no",NA,NA,NA,NA,31,3.30017
"6","AFSC_Aleutians","Pandalus eous","Pandalidae","Pandalus","eous",0.0257946266109444,0.0107361091460078,0.312758682599701,0.111138249477913,FALSE,"demersal",7.55450899837384e-05,"commercial",15,NA,NA,NA,31,3.30017
"3","AFSC_Aleutians","Pleurogrammus monopterygius","Hexagrammidae","Pleurogrammus","monopterygius",0.00920015115142312,0.00572714447290486,-0.555405780659131,-0.802498385850444,TRUE,"demersal",3.29686522161168,"commercial",56.5,3.329999924,0.379999995,34,31,3.30017
"26","AFSC_Aleutians","Podothecus accipenserinus","Agonidae","Podothecus","accipenserinus",0.0276523671026608,0.00924223789607095,-0.0979755918374424,-0.499013287094443,TRUE,"demersal",0.000302201212080045,"no",30.5,3.390000105,0.230000004,NA,31,3.30017
"20","AFSC_Aleutians","Reinhardtius hippoglossoides","Pleuronectidae","Reinhardtius","hippoglossoides",-0.00176032843276535,0.00539830892215242,0.153655827460681,-0.770077688032483,TRUE,"demersal",-0.0650995612467688,"commercial",120,4.480000019,0.090000004,46,31,3.30017
"24","AFSC_Aleutians","Sarritor frenatus","Agonidae","Sarritor","frenatus",0.0130308682448057,0.00403656478942184,-0.0663223390669442,-0.482699839446739,TRUE,"demersal",0.00011334868623981,"no",27,3.289999962,0.25999999,19,31,3.30017
"31","AFSC_Aleutians","Sebastes alutus","Sebastidae","Sebastes","alutus",-0.00269695905743979,0.00151217394672346,0.599445044898388,-0.0197380679402729,TRUE,"demersal",4.02487223400649,"commercial",53,3.5,0.129999995,40,31,3.30017
"30","AFSC_Aleutians","Sebastes borealis","Sebastidae","Sebastes","borealis",0.00124859412344344,0.00555787133184481,-0.804430925099393,-0.78651879564924,TRUE,"demersal",-0.0563013545258652,"no",108,3.869999886,0.039999999,27,31,3.30017
"15","AFSC_Aleutians","Sebastes polyspinis","Sebastidae","Sebastes","polyspinis",-0.00801850779867548,0.0039612497090576,-0.789713128677409,-0.995859373469793,TRUE,"demersal",0.944116605854566,"no",41,3.569999933,0.180000007,NA,31,3.30017
"25","AFSC_Aleutians","Sebastolobus alascanus","Sebastidae","Sebastolobus","alascanus",0.0136782024089571,0.0131822053350225,-1.94760869183495,-0.934576134495201,TRUE,"demersal",0.109767975103692,"commercial",97.59999847,3.609999895,0.059999999,NA,31,3.30017
"9","AFSC_Aleutians","Theragra chalcogramma","Gadidae","Theragra","chalcogramma",0.0353881638744229,0.0142043192498855,-1.54732371607151,-0.737997725082415,TRUE,"demersal",-1.63312729107544,"commercial",91,3.450000048,0.219999999,34,31,3.30017
"29","AFSC_Aleutians","Triglops forficatus","Cottidae","Triglops","forficatus",0.00823501980061165,-0.00143530873118532,0.0664284195480011,-0.380299540442449,TRUE,"demersal",0.00388420481611426,"no",33.54999924,3.230000019,0.209999993,NA,31,3.30017
"7","AFSC_Aleutians","Triglops scepticus","Cottidae","Triglops","scepticus",0.0143212804601118,0.00453031071978043,1.00377455037378,0.050537268110653,TRUE,"demersal",0.00384816164227421,"no",37.58000183,3.220000029,0.109999999,24,31,3.30017
"21","AFSC_Aleutians","Zaprora silenus","Zaproridae","Zaprora","silenus",-0.00661710411378047,0.00684302317159569,-0.666375811255305,-0.716057248997756,TRUE,"demersal",0.00112802087120997,"no",88,3.599999905,0.129999995,32,31,3.30017
"43","AFSC_EBS","Asterias amurensis","Asteriidae","Asterias","amurensis",-0.00199686928633666,-0.000847344898159852,0.184739163284179,0.103370266013178,FALSE,"demersal",0.27502283622518,"no",50,NA,NA,NA,30,6.37634
"41","AFSC_EBS","Atheresthes spp.","Pleuronectidae","Atheresthes",NA,0.0106363338742835,-0.00249452070512438,-0.26857594947138,-0.0224752173129821,TRUE,"demersal",0.313756621503119,"no",NA,NA,NA,NA,30,6.37634
"73","AFSC_EBS","Bathymaster signatus","Bathymasteridae","Bathymaster","signatus",0.0237919034533469,-0.00517834926155448,-0.177872034624238,0.0490729245203645,TRUE,"demersal",-0.00341359313245598,"no",38,3.549999952,NA,NA,30,6.37634
"65","AFSC_EBS","Chionoecetes bairdi","Oregoniidae","Chionoecetes","bairdi",-0.0203378384679253,-0.00339354208893728,0.0338743580671372,0.0453235585050678,FALSE,"demersal",-0.015644853342829,"commercial",NA,3.28,NA,NA,30,6.37634
"52","AFSC_EBS","Chionoecetes opilio","Oregoniidae","Chionoecetes","opilio",0.0181252049881409,0.00079225105364308,0.240000141577325,-0.0544357100403626,FALSE,"demersal",-0.183589838058611,"commercial",NA,NA,NA,NA,30,6.37634
"66","AFSC_EBS","Chionoecetes spp.","Oregoniidae","Chionoecetes",NA,-0.00317729459951395,-0.00276141554129261,-0.47941147042564,-0.059408553193799,FALSE,"demersal",-0.00075032190683431,"commercial",NA,NA,NA,NA,30,6.37634
"47","AFSC_EBS","Clinopegma magnum","Buccinidae","Clinopegma","magnum",0.0178669769101083,0.00107553685509905,0.0395722638261446,0.00367653294590109,FALSE,"demersal",0.0010195483091826,"no",NA,NA,NA,NA,30,6.37634
"53","AFSC_EBS","Clupea pallasii","Clupeidae","Clupea","pallasii",0.0173158136702628,0.00153724083648732,-0.425524222825293,-0.0156538472533788,TRUE,"pelagic",0.00548800226972218,"commercial",46,3.150000095,0.370000005,44,30,6.37634
"48","AFSC_EBS","Ctenodiscus crispatus","Ctenodiscidae","Ctenodiscus","crispatus",0.00447427062466597,0.000199822243416424,-0.1838879291188,0.0146916297402042,FALSE,"demersal",0.0381866557695286,"no",NA,NA,NA,NA,30,6.37634
"69","AFSC_EBS","Dasycottus setiger","Psychrolutidae","Dasycottus","setiger",-0.000138841218875476,-0.000467503760743159,-0.536482516575692,0.164227719675954,TRUE,"demersal",0.000980155188133258,"no",54.90000153,3.539999962,0.100000001,20,30,6.37634
"58","AFSC_EBS","Erimacrus isenbeckii","Cheiragonidae","Erimacrus","isenbeckii",0.026131008621566,0.00373465051494995,-0.251757659142782,-0.0847715799587951,FALSE,"demersal",-0.00110514543897023,"commercial",NA,NA,NA,NA,30,6.37634
"76","AFSC_EBS","Fusitriton oregonensis","Ranellidae","Fusitriton","oregonensis",-0.0110163090644183,-0.00341632929078719,-0.329180682582427,0.040503377796023,FALSE,"demersal",0.0122366332766942,"no",12.7,NA,NA,NA,30,6.37634
"37","AFSC_EBS","Gadus macrocephalus","Gadidae","Gadus","macrocephalus",0.00393439971856593,-0.000302714656319355,-0.213981804795839,0.0216503374438982,TRUE,"demersal",-0.382372692588288,"commercial",119,4.010000229,0.230000004,29,30,6.37634
"71","AFSC_EBS","Glyptocephalus zachirus","Pleuronectidae","Glyptocephalus","zachirus",-0.00782858260168097,-0.00319993569598552,-0.172207559159344,-0.0217889770788169,TRUE,"demersal",0.00931746716965972,"commercial",60,3.24000001,0.150000006,36,30,6.37634
"57","AFSC_EBS","Gorgonocephalus eucnemis","Gorgonocephalidae","Gorgonocephalus","eucnemis",0.0197472777756428,-0.00314239879543652,-0.37976850405545,-0.0613284606723834,FALSE,"demersal",0.137158294254309,"no",14,NA,NA,NA,30,6.37634
"72","AFSC_EBS","Hemilepidotus jordani","Cottidae","Hemilepidotus","jordani",-0.00151240751475547,-0.00230365922405054,-0.319614824704444,0.0238147584951952,TRUE,"demersal",-0.00625070478310733,"no",41,3.829999924,0.119999997,12,30,6.37634
"49","AFSC_EBS","Hemitripterus bolini","Hemitripteridae","Hemitripterus","bolini",0.0187693500467943,-0.00179037276798962,-0.326945069350398,0.0363921909082122,TRUE,"demersal",0.0106188854785388,"no",73,4.489999771,NA,NA,30,6.37634
"68","AFSC_EBS","Hippoglossoides spp.","Pleuronectidae","Hippoglossoides",NA,0.0125045139198244,-0.00100878509871614,-0.165642560048265,0.0846997071363893,TRUE,"demersal",0.163005609908413,"commercial",NA,NA,NA,NA,30,6.37634
"60","AFSC_EBS","Hippoglossus stenolepis","Pleuronectidae","Hippoglossus","stenolepis",0.0202467445555852,0.00220884339685028,-0.173084308922168,0.0437780671984843,TRUE,"demersal",0.070885150061862,"commercial",267,4.130000114,0.07,31,30,6.37634
"35","AFSC_EBS","Hyas coarctatus","Oregoniidae","Hyas","coarctatus",0.0227523876535985,0.00245334908531132,0.107486288414305,-0.0116961280638373,FALSE,"demersal",0.00749036591145814,"no",NA,NA,NA,NA,30,6.37634
"70","AFSC_EBS","Hyas lyratus","Oregoniidae","Hyas","lyratus",-0.00511469794971773,-0.000396945026552434,0.258506950106529,0.000706753336406292,FALSE,"demersal",0.00113642109225542,"no",NA,NA,NA,NA,30,6.37634
"50","AFSC_EBS","Lepidopsetta spp.","Pleuronectidae","Lepidopsetta",NA,0.0127052862318201,-0.000170713401900925,-0.181474316447962,0.0214510228375951,TRUE,"demersal",0.983988862823077,"commercial",NA,NA,NA,NA,30,6.37634
"39","AFSC_EBS","Limanda aspera","Pleuronectidae","Limanda","aspera",0.00231139878863032,0.0011953699382148,-0.12821834224245,0.0104470863144609,TRUE,"demersal",-0.526827914213625,"commercial",49,3.24000001,0.119999997,21,30,6.37634
"67","AFSC_EBS","Limanda proboscidea","Pleuronectidae","Limanda","proboscidea",0.0117905224234605,0.00199578231106298,-0.303289147993878,-0.0023128264752983,TRUE,"demersal",-0.0187696190682286,"no",48.79999924,3.089999914,0.180000007,NA,30,6.37634
"54","AFSC_EBS","Lycodes brevipes","Zoarcidae","Lycodes","brevipes",0.0512717285126841,0.00186778194102025,-0.459363502214783,0.00317075797757698,TRUE,"demersal",0.00882668924451938,"no",30,4.010000229,0.270000011,NA,30,6.37634
"56","AFSC_EBS","Lycodes palearis","Zoarcidae","Lycodes","palearis",-0.0126256761008812,0.0049020267173639,-0.69198125953851,0.0557635550762548,TRUE,"demersal",-0.00171291587214113,"no",51,3.480000019,0.170000002,NA,30,6.37634
"61","AFSC_EBS","Mallotus villosus","Osmeridae","Mallotus","villosus",-0.00675943118591376,0.000984785659704067,-0.0303906904104288,0.0352957747965225,TRUE,"pelagic",-0.000504124259670686,"commercial",25.20000076,3.150000095,0.439999998,39,30,6.37634
"51","AFSC_EBS","Myoxocephalus spp.","Cottidae","Myoxocephalus",NA,-0.0219657209253087,0.000375107000659905,0.058143261928089,-0.0317025712317001,TRUE,"demersal",-0.0182255020200831,"no",NA,NA,NA,NA,30,6.37634
"63","AFSC_EBS","Neptunea borealis","Buccinidae","Neptunea","borealis",0.000448987776966438,0.00374704585966323,-0.0182703884489407,-0.00448416754160496,FALSE,"demersal",-0.00107261317476358,"no",8.5,NA,NA,NA,30,6.37634
"38","AFSC_EBS","Neptunea heros","Buccinidae","Neptunea","heros",0.00512962786236234,0.00469873224213047,0.104310472902857,-0.0059338251616621,FALSE,"demersal",-0.0458138057068163,"no",17.5,NA,NA,NA,30,6.37634
"36","AFSC_EBS","Neptunea lyrata","Buccinidae","Neptunea","lyrata",0.0132750313253646,0.00218872696014814,0.197133538253176,0.102515922620436,FALSE,"demersal",-0.00106814948225907,"no",16.5,NA,NA,NA,30,6.37634
"45","AFSC_EBS","Neptunea pribiloffensis","Buccinidae","Neptunea","pribiloffensis",0.0128213539216737,0.00564978366440387,0.0800125517359906,0.152612009279905,FALSE,"demersal",0.01873249515498,"no",10,NA,NA,NA,30,6.37634
"55","AFSC_EBS","Neptunea ventricosa","Buccinidae","Neptunea","ventricosa",0.00947394998417972,0.00228052261792624,0.263819814977251,-0.000906348926107636,FALSE,"demersal",-0.0113256189647021,"no",12.8,NA,NA,NA,30,6.37634
"74","AFSC_EBS","Oregonia gracilis","Oregoniidae","Oregonia","gracilis",-0.0110189079278409,-0.000949972295889191,0.225846873142001,0.0408409898900163,FALSE,"demersal",-0.000177116242081941,"no",NA,NA,NA,NA,30,6.37634
"40","AFSC_EBS","Pandalus eous","Pandalidae","Pandalus","eous",0.0077768856911446,-0.000733067391669541,-0.0611505456606342,-0.0263261461154341,FALSE,"demersal",0.00128429103044785,"commercial",15,NA,NA,NA,30,6.37634
"62","AFSC_EBS","Paralithodes camtschaticus","Lithodidae","Paralithodes","camtschaticus",-0.00238611094863316,8.77771521230073e-06,-0.167846706373781,-0.0161385098912526,FALSE,"demersal",0.0109891682659293,"commercial",22,NA,NA,NA,30,6.37634
"64","AFSC_EBS","Paralithodes platypus","Lithodidae","Paralithodes","platypus",0.0447931465150283,0.00718169946307339,0.0674753540208396,0.022546014649623,FALSE,"demersal",-0.00825955465216113,"commercial",NA,NA,NA,NA,30,6.37634
"44","AFSC_EBS","Platichthys stellatus","Pleuronectidae","Platichthys","stellatus",0.0167229156849618,-0.0073777598795468,-0.0829374222798073,0.220426016203064,TRUE,"demersal",0.0660285881328207,"commercial",91,3.319999933,0.189999998,36,30,6.37634
"42","AFSC_EBS","Pleuronectes quadrituberculatus","Pleuronectidae","Pleuronectes","quadrituberculatus",0.00416423580425643,0.00207312221628766,-0.177107851136662,-0.0858016580087437,TRUE,"demersal",-0.119275355663193,"no",62,3.099999905,0.100000001,17,30,6.37634
"77","AFSC_EBS","Podothecus accipenserinus","Agonidae","Podothecus","accipenserinus",-0.0179095040576272,-0.00145639956845624,0.376707226743444,0.087034760006741,TRUE,"demersal",0.00438014539548954,"no",30.5,3.390000105,0.230000004,NA,30,6.37634
"78","AFSC_EBS","Reinhardtius hippoglossoides","Pleuronectidae","Reinhardtius","hippoglossoides",0.0172207025661215,0.00258622204227537,-0.0407914715525033,-0.0480309308457615,TRUE,"demersal",0.000291163679461283,"commercial",120,4.480000019,0.090000004,46,30,6.37634
"46","AFSC_EBS","Sarritor frenatus","Agonidae","Sarritor","frenatus",-0.0377765612901316,-0.00407087938438848,-0.365828763008737,0.173541271002173,TRUE,"demersal",4.19358547690907e-05,"no",27,3.289999962,0.25999999,19,30,6.37634
"59","AFSC_EBS","Telmessus cheiragonus","Cheiragonidae","Telmessus","cheiragonus",0.00832132885231872,-0.000374635945935371,0.115379807622291,0.0958086544689718,FALSE,"demersal",-0.00246039464384055,"no",10.2,NA,NA,NA,30,6.37634
"75","AFSC_EBS","Thaleichthys pacificus","Osmeridae","Thaleichthys","pacificus",0.00848516555971241,-0.00216659033915691,-0.486943092795063,0.0199980287693821,TRUE,"pelagic",-0.000365259233484684,"commercial",34,3.25,0.340000004,25,30,6.37634
"34","AFSC_EBS","Theragra chalcogramma","Gadidae","Theragra","chalcogramma",0.0137600333216624,0.00416958262200643,0.0334404829126778,0.160141761531381,TRUE,"demersal",-1.42736417929074,"commercial",91,3.450000048,0.219999999,34,30,6.37634
"87","AFSC_GOA","Albatrossia pectoralis","Macrouridae","Albatrossia","pectoralis",-0.0312531931143577,-0.0129063211256647,-0.670332379550276,-1.00973727576903,TRUE,"demersal",0.198132959313827,"no",210,4.320000172,0.140000001,36,28,7.871
"81","AFSC_GOA","Anoplopoma fimbria","Anoplopomatidae","Anoplopoma","fimbria",-0.00350437888432488,-0.00984825524833321,3.28235193817031,-0.0961177815678173,TRUE,"demersal",-0.230044740273299,"commercial",120,3.829999924,0.189999998,41,28,7.871
"131","AFSC_GOA","Atheresthes stomias","Pleuronectidae","Atheresthes","stomias",-0.00837340120847108,-0.00778767082785523,-1.12107458948624,-0.693769134094356,TRUE,"demersal",1.03424089607845,"no",84,4.260000229,0.090000004,32,28,7.871
"133","AFSC_GOA","Bathymaster signatus","Bathymasteridae","Bathymaster","signatus",-0.0490484274214521,-0.0272246150280967,-0.77271969198938,-1.19595899759272,TRUE,"demersal",0.000349524278671732,"no",38,3.549999952,NA,NA,28,7.871
"122","AFSC_GOA","Bathyraja spp.","Rajidae","Bathyraja",NA,0.00181712172878475,-0.0185546674129537,-2.36563278487008,-1.510948148238,TRUE,"demersal",0.0383270929140093,"no",NA,NA,NA,NA,28,7.871
"111","AFSC_GOA","Berryteuthis magister","Gonatidae","Berryteuthis","magister",-0.0139201119097075,-0.0180041114078531,-1.94800211390238,-0.89120120645401,FALSE,"pelagic",0.00417926713523076,"commercial",50,4.02,NA,34,28,7.871
"80","AFSC_GOA","Chionoecetes bairdi","Oregoniidae","Chionoecetes","bairdi",-0.0298150615400216,-0.00330672854325292,-1.51078115519054,-1.223788476458,FALSE,"demersal",0.00951176393010709,"commercial",NA,3.28,NA,NA,28,7.871
"97","AFSC_GOA","Clupea pallasii","Clupeidae","Clupea","pallasii",-0.0266343868532231,0.0419070475526444,-0.349831582696529,-0.479701396772195,TRUE,"pelagic",-0.0824002639890713,"commercial",46,3.150000095,0.370000005,44,28,7.871
"85","AFSC_GOA","Dasycottus setiger","Psychrolutidae","Dasycottus","setiger",-0.0265252691741953,-0.00215271139156388,-0.929899028577296,-1.26446462475948,TRUE,"demersal",9.45099123487059e-05,"no",54.90000153,3.539999962,0.100000001,20,28,7.871
"127","AFSC_GOA","Fusitriton oregonensis","Ranellidae","Fusitriton","oregonensis",-0.00325403782747361,-0.019250048092646,-0.512179469050609,-1.36406753809882,FALSE,"demersal",0.0021006674478568,"no",12.7,NA,NA,NA,28,7.871
"83","AFSC_GOA","Gadus macrocephalus","Gadidae","Gadus","macrocephalus",-0.0196107646450698,-0.0119954777347949,-1.90406630492257,-1.23363453982234,TRUE,"demersal",-0.0120224855656369,"commercial",119,4.010000229,0.230000004,29,28,7.871
"115","AFSC_GOA","Glyptocephalus zachirus","Pleuronectidae","Glyptocephalus","zachirus",-0.0352239240597706,-0.012992071373376,-0.98712364148924,-0.85916054651965,TRUE,"demersal",0.0528765370086426,"commercial",60,3.24000001,0.150000006,36,28,7.871
"112","AFSC_GOA","Gorgonocephalus eucnemis","Gorgonocephalidae","Gorgonocephalus","eucnemis",-0.0354964755389699,-0.0200182591696267,-0.0437178524911096,-1.26517435889015,FALSE,"demersal",0.00195089952840835,"no",14,NA,NA,NA,28,7.871
"99","AFSC_GOA","Hemilepidotus jordani","Cottidae","Hemilepidotus","jordani",-0.0193041953208587,-0.0186258732503064,-1.34514722336994,-0.796939948642063,TRUE,"demersal",0.00724904765340414,"no",41,3.829999924,0.119999997,12,28,7.871
"119","AFSC_GOA","Hemitripterus bolini","Hemitripteridae","Hemitripterus","bolini",0.0147265614412304,-0.00914647636447238,-1.74121650094732,-0.955544110441905,TRUE,"demersal",-0.0105780724375903,"no",73,4.489999771,NA,NA,28,7.871
"106","AFSC_GOA","Hexagrammos decagrammus","Hexagrammidae","Hexagrammos","decagrammus",-0.00908018866451236,0.00788859432533152,0.422323378803948,-0.286492314355314,TRUE,"demersal",-0.00136068056152766,"no",61,3.589999914,0.239999995,34,28,7.871
"91","AFSC_GOA","Hippoglossoides elassodon","Pleuronectidae","Hippoglossoides","elassodon",-0.0317007021084869,0.00503955150992659,-1.22859453095319,-0.898483929171847,TRUE,"demersal",0.0290688315971107,"commercial",63.43999863,3.640000105,0.140000001,22,28,7.871
"100","AFSC_GOA","Hippoglossus stenolepis","Pleuronectidae","Hippoglossus","stenolepis",-0.0107985344594062,-0.0168999511347726,-1.81580373667635,-1.36183039866638,TRUE,"demersal",0.0884489965325509,"commercial",267,4.130000114,0.07,31,28,7.871
"86","AFSC_GOA","Hydrolagus colliei","Chimaeridae","Hydrolagus","colliei",-0.0293884303578706,-0.0373206854151445,0.520549534099693,0.612708501501972,TRUE,"demersal",0.00347892183901196,"no",97,3.680000067,0.209999993,30,28,7.871
"101","AFSC_GOA","Isopsetta isolepis","Pleuronectidae","Isopsetta","isolepis",-0.0489300228602328,-0.0155531068118574,-0.157246554585576,-0.156756953293107,TRUE,"demersal",0.00238008448836892,"commercial",55,3.589999914,0.310000002,34,28,7.871
"92","AFSC_GOA","Lepidopsetta spp.","Pleuronectidae","Lepidopsetta",NA,-0.0200467632148511,-0.00578264713109647,-0.784016167215893,-0.468696740728588,TRUE,"demersal",0.148872253242814,"commercial",NA,NA,NA,NA,28,7.871
"79","AFSC_GOA","Limanda aspera","Pleuronectidae","Limanda","aspera",-0.00558280314433012,-0.0174306886764806,-0.502930182356873,-0.246620674865239,TRUE,"demersal",-0.0478391589179084,"commercial",49,3.24000001,0.119999997,21,28,7.871
"118","AFSC_GOA","Lycodes brevipes","Zoarcidae","Lycodes","brevipes",0.00996327440325829,-0.0415521902638104,-2.86465099112077,-2.16673553823576,TRUE,"demersal",0.000965248988717731,"no",30,4.010000229,0.270000011,NA,28,7.871
"134","AFSC_GOA","Lycodes palearis","Zoarcidae","Lycodes","palearis",-0.0562629771734208,-0.0381712124874851,-0.797298778052452,-1.65114207729368,TRUE,"demersal",0.000885094770210336,"no",51,3.480000019,0.170000002,NA,28,7.871
"113","AFSC_GOA","Lyopsetta exilis","Pleuronectidae","Lyopsetta","exilis",-0.000608686448280658,-0.0317199603793692,-0.897170803141142,-0.22059232922588,TRUE,"demersal",0.000871477837957178,"no",35,3.440000057,0.25,NA,28,7.871
"84","AFSC_GOA","Malacocottus zonurus","Psychrolutidae","Malacocottus","zonurus",-0.112260002308336,-0.0240073700553667,-1.33584402915245,-0.0692266057192842,TRUE,"demersal",-0.000782083839571967,"no",42.70000076,3.200000048,0.119999997,20,28,7.871
"128","AFSC_GOA","Mallotus villosus","Osmeridae","Mallotus","villosus",0.0144981892231355,-0.0287462048864531,0.615982837272363,-0.384574670726283,TRUE,"pelagic",0.00184388787197018,"commercial",25.20000076,3.150000095,0.439999998,39,28,7.871
"93","AFSC_GOA","Microstomus pacificus","Pleuronectidae","Microstomus","pacificus",-0.00804662956681242,-0.0183195013235574,0.218688481860386,-0.832534765085187,TRUE,"demersal",0.00997580373864765,"commercial",76,3.269999981,0.150000006,34,28,7.871
"90","AFSC_GOA","Myoxocephalus spp.","Cottidae","Myoxocephalus",NA,-0.0161874873194321,0.00449471224314616,-0.193373377161367,-0.520852006469337,TRUE,"demersal",0.00466764225603041,"no",NA,NA,NA,NA,28,7.871
"125","AFSC_GOA","Oncorhynchus keta","Salmonidae","Oncorhynchus","keta",0.0481685852509822,0.011460589028158,-0.297636623756923,-0.900644309279071,TRUE,"demersal",0.00385302746310671,"commercial",111,3.470000029,0.349999994,43,28,7.871
"123","AFSC_GOA","Oncorhynchus tshawytscha","Salmonidae","Oncorhynchus","tshawytscha",0.00157392805013192,-0.0120271238011085,0.306490838599423,-1.2903464803299,TRUE,"demersal",0.000261132449267755,"commercial",150,4.400000095,0.079999998,45,28,7.871
"88","AFSC_GOA","Ophiodon elongatus","Hexagrammidae","Ophiodon","elongatus",0.0204505150691715,-0.0101946376651802,-2.53614528989148,-0.950496124634332,TRUE,"demersal",0.0359213402621122,"commercial",152,4.320000172,0.219999999,6,28,7.871
"82","AFSC_GOA","Pandalopsis dispar","Pandalidae","Pandalopsis","dispar",-0.0270455740424284,-0.00582325837515923,-0.774215848531514,-1.17919586464926,FALSE,"demersal",0.00398398656603029,"no",NA,NA,NA,NA,28,7.871
"96","AFSC_GOA","Pandalus eous","Pandalidae","Pandalus","eous",-0.0215418996531571,-0.00642967175684657,-0.080738940118791,-0.646042460270251,FALSE,"demersal",2.96042881926491e-05,"commercial",15,NA,NA,NA,28,7.871
"98","AFSC_GOA","Pandalus platyceros","Pandalidae","Pandalus","platyceros",-0.0378204243374873,-0.0326732598842504,0.110750104407829,-0.313968516105192,FALSE,"demersal",-4.99796222536038e-06,"commercial",25,NA,NA,NA,28,7.871
"105","AFSC_GOA","Parophrys vetulus","Pleuronectidae","Parophrys","vetulus",-0.0428673741703234,-0.00470445132594032,-0.556679398794337,-1.0956396781203,TRUE,"demersal",0.0134668818064351,"commercial",57,3.390000105,0.289999992,40,28,7.871
"107","AFSC_GOA","Platichthys stellatus","Pleuronectidae","Platichthys","stellatus",-0.0266016050591607,-0.0201739440968374,-0.167893255780391,-0.127779643073603,TRUE,"demersal",0.0465337728396551,"commercial",91,3.319999933,0.189999998,36,28,7.871
"110","AFSC_GOA","Pleuronectes quadrituberculatus","Pleuronectidae","Pleuronectes","quadrituberculatus",-0.00935401251271551,-0.0121799396526375,-0.835732532379915,-0.621438807854984,TRUE,"demersal",0.0101815414494624,"no",62,3.099999905,0.100000001,17,28,7.871
"89","AFSC_GOA","Podothecus accipenserinus","Agonidae","Podothecus","accipenserinus",-0.0184022111342424,-0.0284565003762816,-1.07627940253622,-0.405518758049756,TRUE,"demersal",4.73716717561507e-05,"no",30.5,3.390000105,0.230000004,NA,28,7.871
"120","AFSC_GOA","Raja binoculata","Rajidae","Raja","binoculata",-0.00282883018034935,-0.026470759365496,-1.75540224796053,-0.900433312627927,TRUE,"demersal",0.0350651908606599,"commercial",244,3.920000076,0.059999999,30,28,7.871
"94","AFSC_GOA","Raja rhina","Rajidae","Raja","rhina",-0.035517960350762,-0.0174630657389989,-0.302207297518863,-1.72650167183907,TRUE,"demersal",0.042566196864542,"commercial",140,3.849999905,0.200000003,39,28,7.871
"129","AFSC_GOA","Sebastes alutus","Sebastidae","Sebastes","alutus",-0.0120336340409041,-0.0195507893435555,-1.12649749580895,-0.570119359849886,TRUE,"demersal",0.616080504915574,"commercial",53,3.5,0.129999995,40,28,7.871
"95","AFSC_GOA","Sebastes babcocki","Sebastidae","Sebastes","babcocki",-0.0174142347223415,-0.0315000034651938,0.483025182581349,-0.0547282052662924,TRUE,"demersal",0.00584663408537118,"no",64,3.730000019,0.090000004,34,28,7.871
"132","AFSC_GOA","Sebastes borealis","Sebastidae","Sebastes","borealis",0.0298953715614639,-0.017131687064711,-1.50793596535617,0.159813402395145,TRUE,"demersal",0.0399847721617669,"no",108,3.869999886,0.039999999,27,28,7.871
"116","AFSC_GOA","Sebastes brevispinis","Sebastidae","Sebastes","brevispinis",-0.0540364415184262,-0.0386083835983773,-0.65463998823833,-0.142496643398472,TRUE,"demersal",0.0678687640289478,"commercial",71,3.75,0.079999998,NA,28,7.871
"114","AFSC_GOA","Sebastes polyspinis","Sebastidae","Sebastes","polyspinis",-0.0174018041464287,-0.00542216899635491,-0.216801364241445,-0.547891667627017,TRUE,"demersal",0.155210861307507,"no",41,3.569999933,0.180000007,NA,28,7.871
"102","AFSC_GOA","Sebastes proriger","Sebastidae","Sebastes","proriger",-0.00666257610198053,-0.0231113828811633,0.827257535533047,0.223690138613946,TRUE,"demersal",-0.0117485281889812,"no",61,3.720000029,0.159999996,34,28,7.871
"103","AFSC_GOA","Sebastes ruberrimus","Sebastidae","Sebastes","ruberrimus",-0.022602238719561,-0.0047240029654118,-1.67139734318371,-0.872826621254258,TRUE,"demersal",0.00216293072014304,"commercial",104,4.429999828,0.039999999,NA,28,7.871
"130","AFSC_GOA","Sebastes variegatus","Sebastidae","Sebastes","variegatus",-0.0808002293927611,-0.00268342517126912,-0.978204961560967,-0.797960798028214,TRUE,"demersal",-0.0316704199956139,"no",38,3.619999886,0.140000001,10,28,7.871
"108","AFSC_GOA","Sebastes zacentrus","Sebastidae","Sebastes","zacentrus",0.0378837898385882,-0.00992011947877967,0.639425553049596,-0.556684701788372,TRUE,"demersal",-0.0435547086138253,"no",39,3.630000114,0.090000004,27,28,7.871
"124","AFSC_GOA","Sebastolobus alascanus","Sebastidae","Sebastolobus","alascanus",-0.00621689567628502,-0.0250687338236312,0.522239306517472,0.415807532830499,TRUE,"demersal",0.0366264471419407,"commercial",97.59999847,3.609999895,0.059999999,NA,28,7.871
"121","AFSC_GOA","Squalus acanthias","Squalidae","Squalus","acanthias",0.00896284967483011,-0.0054397187795457,-0.976206481784588,-0.780241332147914,TRUE,"demersal",0.0894827311340997,"commercial",160,4.300000191,0.079999998,129,28,7.871
"117","AFSC_GOA","Thaleichthys pacificus","Osmeridae","Thaleichthys","pacificus",-0.0153769503751249,-0.0152169699973697,0.406009999121096,-0.155994332437523,TRUE,"pelagic",0.0916980444142394,"commercial",34,3.25,0.340000004,25,28,7.871
"109","AFSC_GOA","Theragra chalcogramma","Gadidae","Theragra","chalcogramma",-0.0290480225699907,-0.0246524649802755,-1.34449609758003,-1.6687804506376,TRUE,"demersal",-0.334323654860977,"commercial",91,3.450000048,0.219999999,34,28,7.871
"126","AFSC_GOA","Trichodon trichodon","Trichodontidae","Trichodon","trichodon",0.0128935118193114,-0.0125528340143466,-0.952759095322027,-0.208017287205176,TRUE,"demersal",-0.000471023770010812,"no",30.5,3.660300016,NA,28,28,7.871
"104","AFSC_GOA","Zaprora silenus","Zaproridae","Zaprora","silenus",-0.0507692628458485,-0.0212163202624066,-1.72921714010816,-0.997069007354158,TRUE,"demersal",-0.00276561687857198,"no",88,3.599999905,0.129999995,32,28,7.871
"181","DFO_Newfoundland_Fall","Amblyraja radiata","Rajidae","Amblyraja","radiata",0.00961151764984457,0.00833770161271183,1.51965327661972,0.143943572152659,TRUE,"demersal",0.167253134136417,"commercial",105,4.019999981,0.129999995,39,17,13.3191666666667
"142","DFO_Newfoundland_Fall","Ammodytes dubius","Ammodytidae","Ammodytes","dubius",0.0384013331166933,-0.000578419567928757,0.147463878685488,0.234476028677675,TRUE,"demersal",-0.0433040396867569,"no",25,3.140000105,0.349999994,48,17,13.3191666666667
"143","DFO_Newfoundland_Fall","Anarhichas denticulatus","Anarhichadidae","Anarhichas","denticulatus",0.277696114234928,0.0446208612297244,-5.00484743508869,-1.25156796763751,TRUE,"demersal",0.0421647801698144,"no",180,3.75,0.090000004,37,17,13.3191666666667
"144","DFO_Newfoundland_Fall","Anarhichas lupus","Anarhichadidae","Anarhichas","lupus",0.0964504099525147,0.00737404183138586,-1.57592920247362,-0.0774364430084919,TRUE,"demersal",0.0349792169704391,"no",150,3.24000001,0.079999998,42,17,13.3191666666667
"146","DFO_Newfoundland_Fall","Anarhichas minor","Anarhichadidae","Anarhichas","minor",0.117458824149148,0.0122826583119562,-3.16703277241127,-0.479576366788123,TRUE,"demersal",0.0434797003858537,"no",180,3.450000048,0.100000001,39,17,13.3191666666667
"177","DFO_Newfoundland_Fall","Antimora rostrata","Moridae","Antimora","rostrata",0.0887044280438891,0.039630199982218,-7.03247673814844,0.876780834398181,TRUE,"pelagic",0.0369031231792357,"no",91.5,3.579999924,0.300000012,124,17,13.3191666666667
"154","DFO_Newfoundland_Fall","Argis dentata","Crangonidae","Argis","dentata",-0.108019570499694,-0.0208836397703353,-0.665791587307998,-0.153708093176112,FALSE,"demersal",0.0626446059858759,"no",NA,NA,NA,NA,17,13.3191666666667
"137","DFO_Newfoundland_Fall","Artediellus spp.","Cottidae","Artediellus",NA,-0.0348727666668469,0.0141745732886334,-2.00572542610436,0.266346443638082,TRUE,"demersal",-0.000629902089391546,"no",NA,NA,NA,NA,17,13.3191666666667
"135","DFO_Newfoundland_Fall","Aspidophoroides monopterygius","Agonidae","Aspidophoroides","monopterygius",-0.0400643729585742,0.0151427911224737,-3.0398452691686,0.038704844083436,TRUE,"demersal",-0.000213490182792578,"no",18,3,0.379999995,42,17,13.3191666666667
"147","DFO_Newfoundland_Fall","Boreogadus saida","Gadidae","Boreogadus","saida",-0.0322063598226359,0.00326998613007899,-3.84193846857415,-1.30206692147995,TRUE,"demersal",-0.191392375365156,"commercial",40,3.101191044,0.310000002,35,17,13.3191666666667
"187","DFO_Newfoundland_Fall","Chauliodus sloani","Stomiidae","Chauliodus","sloani",0.023280298348388,0.0496447282139447,3.09646308415361,5.13419734014381,TRUE,"pelagic",-0.000580623223440031,"no",42.70000076,4.199999809,0.25999999,126,17,13.3191666666667
"148","DFO_Newfoundland_Fall","Chionoecetes opilio","Oregoniidae","Chionoecetes","opilio",0.0541615883365951,0.000538089169093815,-3.67240230787204,-1.30268833657081,FALSE,"demersal",-0.228633402140439,"commercial",NA,NA,NA,NA,17,13.3191666666667
"185","DFO_Newfoundland_Fall","Chlamys islandica","Pectinidae","Chlamys","islandica",0.00903407427397647,-0.0018044548908411,-1.01996076790337,0.254509172938018,FALSE,"demersal",0.00280889526487287,"commercial",11,NA,NA,NA,17,13.3191666666667
"170","DFO_Newfoundland_Fall","Coryphaenoides rupestris","Macrouridae","Coryphaenoides","rupestris",0.0570733548081488,0.00713534122874696,0.482847935018892,3.75548430456164,TRUE,"pelagic",-0.0249195217370803,"commercial",110,3.539999962,0.100000001,46,17,13.3191666666667
"162","DFO_Newfoundland_Fall","Cottunculus microps","Psychrolutidae","Cottunculus","microps",-0.115230955090405,0.00979820465684419,8.3624818664307,0.118753514631792,TRUE,"demersal",-0.000264912279479803,"no",36.59999847,3.410000086,0.150000006,41,17,13.3191666666667
"157","DFO_Newfoundland_Fall","Cyclopterus lumpus","Cyclopteridae","Cyclopterus","lumpus",0.105458051133905,0.00789069998584125,1.16526472672444,0.261974211846794,TRUE,"demersal",-0.0161716033507282,"commercial",11.39999962,3.890000105,0.119999997,48,17,13.3191666666667
"164","DFO_Newfoundland_Fall","Enchelyopus cimbrius","Lotidae","Enchelyopus","cimbrius",0.100479128397225,-0.00451102938384026,-0.697996772024512,-1.47130286604161,TRUE,"demersal",0.000862405142726392,"no",41,3.529999971,0.230000004,53,17,13.3191666666667
"151","DFO_Newfoundland_Fall","Eualus gaimardii","Hippolytidae","Eualus","gaimardii",-0.107969561723166,-0.00382295083508406,-3.41859378559532,0.219264534436347,FALSE,"demersal",0.00175158889726273,"no",NA,NA,NA,NA,17,13.3191666666667
"166","DFO_Newfoundland_Fall","Eualus macilentus","Hippolytidae","Eualus","macilentus",-0.0268406414911777,-0.00650177143768126,-3.43221339613274,-0.405962166637575,FALSE,"demersal",-0.00224040578843691,"no",NA,NA,NA,NA,17,13.3191666666667
"184","DFO_Newfoundland_Fall","Eumesogrammus praecisus","Stichaeidae","Eumesogrammus","praecisus",-0.0542416872205978,-0.0157783816402399,-0.621579162320287,-0.641569793691133,TRUE,"demersal",0.00388841423652007,"no",22,3.5,0.239999995,31,17,13.3191666666667
"145","DFO_Newfoundland_Fall","Eumicrotremus spinosus","Cyclopteridae","Eumicrotremus","spinosus",-0.0143920529181244,-0.024470413994533,-1.32575624323181,-0.67421478256995,TRUE,"demersal",0.000168008252334638,"no",12.17000008,3.480000019,0.469999999,41,17,13.3191666666667
"152","DFO_Newfoundland_Fall","Gadus morhua","Gadidae","Gadus","morhua",0.0532946999873199,0.0157988143651106,3.75636731041009,0.538881781789557,TRUE,"demersal",0.599450590565557,"commercial",200,4.420000076,0.140000001,45,17,13.3191666666667
"175","DFO_Newfoundland_Fall","Gaidropsarus spp.","Lotidae","Gaidropsarus",NA,0.00835881165590851,0.00608492723553723,5.49668326577279,6.62464769986259,TRUE,"demersal",-0.00216126774413413,"no",NA,NA,NA,NA,17,13.3191666666667
"149","DFO_Newfoundland_Fall","Glyptocephalus cynoglossus","Pleuronectidae","Glyptocephalus","cynoglossus",0.0656631148486574,0.0149321950996484,-1.11875934806233,0.028346558798009,TRUE,"demersal",0.0900016365751098,"commercial",73.19999695,3.140000105,0.189999998,39,17,13.3191666666667
"183","DFO_Newfoundland_Fall","Gymnelus viridis","Zoarcidae","Gymnelus","viridis",0.00788196844138696,-0.0171225294738898,-1.14178644937073,-0.000693789510255275,TRUE,"demersal",-0.000122300447673097,"no",56,3.059999943,0.150000006,45,17,13.3191666666667
"141","DFO_Newfoundland_Fall","Hemitripterus americanus","Hemitripteridae","Hemitripterus","americanus",-0.0233486923008772,0.00810672646400215,-0.555134608419137,0.226428715592879,TRUE,"demersal",0.0150254371501503,"no",64,4.46999979,NA,25,17,13.3191666666667
"161","DFO_Newfoundland_Fall","Hippoglossoides platessoides","Pleuronectidae","Hippoglossoides","platessoides",-0.0232547033365991,0.00289608938478763,-1.61103586594023,0.125243385196979,TRUE,"demersal",0.492124668792228,"commercial",51.65000153,3.650000095,0.100000001,36,17,13.3191666666667
"178","DFO_Newfoundland_Fall","Hyas spp.","Oregoniidae","Hyas",NA,-0.104659075311497,-0.0224486758208872,-3.98988517407393,-0.545294437948554,FALSE,"demersal",0.000879008678395172,"no",NA,NA,NA,NA,17,13.3191666666667
"156","DFO_Newfoundland_Fall","Icelus spatula","Cottidae","Icelus","spatula",-0.117378083600448,0.00494541287046476,-2.38211965467547,-0.214256589090443,TRUE,"demersal",0.00288293678209366,"no",21,3.920000076,0.219999999,39,17,13.3191666666667
"153","DFO_Newfoundland_Fall","Lebbeus polaris","Hippolytidae","Lebbeus","polaris",-0.00463443513394613,-0.00182721432798974,-4.15932185063405,-0.790449390710019,FALSE,"demersal",0.00257357355416943,"no",NA,NA,NA,NA,17,13.3191666666667
"136","DFO_Newfoundland_Fall","Leptagonus decagonus","Agonidae","Leptagonus","decagonus",0.0277726644622511,0.0193718466946544,-1.58212480767562,-0.795245038252502,TRUE,"demersal",-0.0260692741654872,"no",21,3.210000038,0.330000013,40,17,13.3191666666667
"180","DFO_Newfoundland_Fall","Leptoclinus maculatus","Stichaeidae","Leptoclinus","maculatus",0.00233539913220642,-0.0051422752274997,-2.22819286990159,-0.970701675239636,TRUE,"demersal",0.000213246898215042,"no",20,3,0.25999999,36,17,13.3191666666667
"176","DFO_Newfoundland_Fall","Limanda ferruginea","Pleuronectidae","Limanda","ferruginea",0.018536410669008,0.00676245585354923,0.169061069880927,0.103925250301496,TRUE,"demersal",0.784908526666058,"commercial",64,3.220000029,0.340000004,17,17,13.3191666666667
"167","DFO_Newfoundland_Fall","Lumpenus lampretaeformis","Stichaeidae","Lumpenus","lampretaeformis",0.00433102824789932,-0.0180823073288143,-0.695383691460427,-1.11395975963498,TRUE,"demersal",0.00069335318281129,"no",50,3.589999914,0.200000003,39,17,13.3191666666667
"165","DFO_Newfoundland_Fall","Lycodes reticulatus","Zoarcidae","Lycodes","reticulatus",-0.0311847144530674,-0.0190690805181714,-1.02204646082647,-0.936745397477382,TRUE,"demersal",-0.0200241274917754,"no",36,3.49000001,0.230000004,26,17,13.3191666666667
"158","DFO_Newfoundland_Fall","Macrourus berglax","Macrouridae","Macrourus","berglax",0.0826548664129815,0.0432460476012816,-1.420873673451,1.99141376900773,TRUE,"demersal",0.0806733178694915,"no",110,4.480000019,0.039999999,45,17,13.3191666666667
"160","DFO_Newfoundland_Fall","Malacoraja senta","Rajidae","Malacoraja","senta",0.0234832714600747,0.0204600008350761,0.761663486472426,0.192674480925516,TRUE,"demersal",0.000555114097793231,"no",61,3.5,0.219999999,14,17,13.3191666666667
"169","DFO_Newfoundland_Fall","Mallotus villosus","Osmeridae","Mallotus","villosus",0.0823120702427194,0.00139808235976652,-1.35124200619945,-1.16621408093721,TRUE,"pelagic",0.338273598623827,"commercial",25.20000076,3.150000095,0.439999998,39,17,13.3191666666667
"173","DFO_Newfoundland_Fall","Myoxocephalus octodecemspinosus","Cottidae","Myoxocephalus","octodecemspinosus",-0.00613295620469831,0.00774768418391756,-0.12741996269713,0.156356507083208,TRUE,"demersal",0.00693584393013827,"no",46,3.5,0.720000029,16,17,13.3191666666667
"150","DFO_Newfoundland_Fall","Myoxocephalus scorpius","Cottidae","Myoxocephalus","scorpius",-0.0448276551965051,-0.00186384574594521,-2.35546502884873,0.0494667682378287,TRUE,"demersal",0.00727677295357143,"no",60,3.890000105,0.419999987,40,17,13.3191666666667
"159","DFO_Newfoundland_Fall","Nezumia bairdii","Macrouridae","Nezumia","bairdii",0.033746524825546,0.0293920822737814,-2.66533160218857,0.653185962414638,TRUE,"demersal",-0.00753918271138176,"no",40,3.569999933,0.219999999,35,17,13.3191666666667
"174","DFO_Newfoundland_Fall","Pandalus borealis","Pandalidae","Pandalus","borealis",-0.034289010408933,0.0108300794258878,-1.82791571076881,-0.967168519712465,FALSE,"demersal",0.473365980725653,"commercial",NA,3.07,NA,37,17,13.3191666666667
"186","DFO_Newfoundland_Fall","Pandalus montagui","Pandalidae","Pandalus","montagui",-0.0911758259982528,0.001072225643186,-6.03741278864278,-1.21532551644478,FALSE,"demersal",-0.0841945825445042,"commercial",NA,NA,NA,NA,17,13.3191666666667
"171","DFO_Newfoundland_Fall","Pasiphaea spp.","Pasiphaeidae","Pasiphaea",NA,0.0304895899618665,0.0116507619604714,-1.98371036197871,-1.25663906819586,FALSE,"demersal",0.0152822554143858,"no",NA,NA,NA,NA,17,13.3191666666667
"138","DFO_Newfoundland_Fall","Phycis chesteri","Phycidae","Phycis","chesteri",0.0140230809358918,0.00661823795739528,-3.27494011488284,0.0181263918068409,TRUE,"demersal",0.00372961319022049,"no",87.5,3.170000076,0.129999995,37,17,13.3191666666667
"182","DFO_Newfoundland_Fall","Reinhardtius hippoglossoides","Pleuronectidae","Reinhardtius","hippoglossoides",0.046436390938824,0.00876358946797434,-1.50926082164118,-0.78928257397203,TRUE,"demersal",-0.00259944885885756,"commercial",120,4.480000019,0.090000004,46,17,13.3191666666667
"155","DFO_Newfoundland_Fall","Sabinea septemcarinata","Crangonidae","Sabinea","septemcarinata",0.0647897971866195,0.000864311686878499,-0.914495413331197,-0.922267269677029,FALSE,"demersal",-0.00235865353537623,"no",NA,NA,NA,NA,17,13.3191666666667
"163","DFO_Newfoundland_Fall","Sebastes mentella","Sebastidae","Sebastes","mentella",0.10743637465262,0.0135984805954032,-3.676208109215,-0.495043869409057,TRUE,"pelagic",2.7474888631831,"commercial",47.61000061,3.650000095,0.079999998,38,17,13.3191666666667
"168","DFO_Newfoundland_Fall","Spirontocaris spinus","Hippolytidae","Spirontocaris","spinus",-0.0672476645564247,0.00023118215987817,-2.07403591018392,0.0396359751358386,FALSE,"demersal",0.00144947240419277,"no",NA,NA,NA,NA,17,13.3191666666667
"179","DFO_Newfoundland_Fall","Stomias boa ferox","Stomiidae","Stomias","boa ferox",-0.0130119908980281,0.0181419486832374,1.33627527914717,0.343092791499675,TRUE,"pelagic",9.78482447598178e-05,"no",36.59999847,3.619999886,0.300000012,NA,17,13.3191666666667
"172","DFO_Newfoundland_Fall","Synaphobranchus kaupii","Synaphobranchidae","Synaphobranchus","kaupii",0.044730788819606,0.0552886551880281,-4.19375194932746,4.90008127108787,TRUE,"demersal",-0.00180912952713387,"no",100,4.090000153,0.670000017,109,17,13.3191666666667
"139","DFO_Newfoundland_Fall","Triglops spp.","Cottidae","Triglops",NA,-0.0060250021572592,-0.0107013146979352,-1.36008444364202,-0.340881380946714,TRUE,"demersal",-0.0418997182590274,"no",NA,NA,NA,NA,17,13.3191666666667
"140","DFO_Newfoundland_Fall","Urophycis tenuis","Phycidae","Urophycis","tenuis",0.0165672281850156,0.0019054417129362,-2.68820428149476,-0.651967387400123,TRUE,"demersal",0.00211824168330519,"commercial",135,4.199999809,0.150000006,37,17,13.3191666666667
"204","DFO_ScotianShelf","Amblyraja radiata","Rajidae","Amblyraja","radiata",0.00232879459187913,0.0019188688042027,1.52014206801279,-0.180096526905521,TRUE,"demersal",-0.206893874092379,"commercial",105,4.019999981,0.129999995,39,42,5.0666666666666
"198","DFO_ScotianShelf","Anarhichas lupus","Anarhichadidae","Anarhichas","lupus",-0.00514573860490225,-0.00542169661165807,-0.0585576715021528,-0.123142497089267,TRUE,"demersal",-0.0376797319467142,"no",150,3.24000001,0.079999998,42,42,5.0666666666666
"194","DFO_ScotianShelf","Gadus morhua","Gadidae","Gadus","morhua",-0.00536214953180537,-0.00200798150379058,0.106577122373498,-0.111628055693403,TRUE,"demersal",-0.770794693564779,"commercial",200,4.420000076,0.140000001,45,42,5.0666666666666
"195","DFO_ScotianShelf","Glyptocephalus cynoglossus","Pleuronectidae","Glyptocephalus","cynoglossus",-0.00142416313188756,-0.000722304486127671,0.294131199978248,-0.211011934759593,TRUE,"demersal",-0.0302110100774841,"commercial",73.19999695,3.140000105,0.189999998,39,42,5.0666666666666
"202","DFO_ScotianShelf","Hemitripterus americanus","Hemitripteridae","Hemitripterus","americanus",-0.0116765804233664,-0.0051503225045722,0.119383740629915,-0.0299664559099811,TRUE,"demersal",0.00201508378008928,"no",64,4.46999979,NA,25,42,5.0666666666666
"192","DFO_ScotianShelf","Hippoglossoides platessoides","Pleuronectidae","Hippoglossoides","platessoides",-0.00141979824990779,-0.000854861933638884,0.604478691883906,-0.157369090786809,TRUE,"demersal",-0.213567348903176,"commercial",51.65000153,3.650000095,0.100000001,36,42,5.0666666666666
"196","DFO_ScotianShelf","Hippoglossus hippoglossus","Pleuronectidae","Hippoglossus","hippoglossus",0.00343073969559053,-0.00535928510900965,-0.0938490585811404,-0.356165611597652,TRUE,"demersal",0.0165370035760282,"commercial",267,4.53000021,0.050000001,43,42,5.0666666666666
"188","DFO_ScotianShelf","Illex illecebrosus","Ommastrephidae","Illex","illecebrosus",-0.0151279297810465,-0.00230357399510009,0.0710374768488159,-0.304882491459585,FALSE,"pelagic",-0.088944870130138,"commercial",35,3.98,NA,44,42,5.0666666666666
"201","DFO_ScotianShelf","Limanda ferruginea","Pleuronectidae","Limanda","ferruginea",-0.00593207260976829,-0.00356918264802299,0.0628128573209121,-0.0244046444781572,TRUE,"demersal",-0.0903016207336614,"commercial",64,3.220000029,0.340000004,17,42,5.0666666666666
"191","DFO_ScotianShelf","Lophius americanus","Lophiidae","Lophius","americanus",-0.0178071561163683,-0.00376657218271618,0.145383005122541,-0.301705781580342,TRUE,"demersal",-0.0653508615490867,"commercial",120,4.5,0.100000001,35,42,5.0666666666666
"190","DFO_ScotianShelf","Melanogrammus aeglefinus","Gadidae","Melanogrammus","aeglefinus",-0.000897692565728152,-0.00368023021442776,-0.0687333073385978,-0.0517675060413603,TRUE,"demersal",0.185510004443267,"commercial",112,4.090000153,0.209999993,44,42,5.0666666666666
"203","DFO_ScotianShelf","Merluccius bilinearis","Merlucciidae","Merluccius","bilinearis",0.00578935677849357,-0.00226714446583303,-0.787319959222861,-0.19748300854704,TRUE,"demersal",0.0822036563353055,"commercial",76,4.260000229,0.379999995,31,42,5.0666666666666
"197","DFO_ScotianShelf","Myoxocephalus octodecemspinosus","Cottidae","Myoxocephalus","octodecemspinosus",-0.0148899265384188,-0.00480264887074452,0.273149623000761,-0.0310578688757787,TRUE,"demersal",0.0110516509855792,"no",46,3.5,0.720000029,16,42,5.0666666666666
"193","DFO_ScotianShelf","Pollachius virens","Gadidae","Pollachius","virens",-0.0140456357933419,-0.00338644604290262,0.597899471836259,-0.176904914449459,TRUE,"demersal",0.119639068336821,"commercial",130,4.380000114,0.129999995,44,42,5.0666666666666
"189","DFO_ScotianShelf","Sebastes spp.","Sebastidae","Sebastes",NA,-0.0147777794705416,-0.0061920678924776,-0.1471376938345,-0.0161174627795287,TRUE,"demersal",0.339261004864631,"commercial",NA,NA,NA,NA,42,5.0666666666666
"200","DFO_ScotianShelf","Squalus acanthias","Squalidae","Squalus","acanthias",0.00354563551162737,-0.00898035797158727,-0.205789570792851,-0.0917247404015253,TRUE,"demersal",0.85902184387585,"commercial",160,4.300000191,0.079999998,129,42,5.0666666666666
"199","DFO_ScotianShelf","Urophycis tenuis","Phycidae","Urophycis","tenuis",0.00482969638399127,-0.00306593512174354,0.109657654715885,-0.122137130799537,TRUE,"demersal",-0.11983498428783,"commercial",135,4.199999809,0.150000006,37,42,5.0666666666666
"206","DFO_SoGulf","Amblyraja radiata","Rajidae","Amblyraja","radiata",0.00657871104435644,-0.00627265906451199,2.5782947219142,0.189283164184816,TRUE,"demersal",-0.0548495643013788,"commercial",105,4.019999981,0.129999995,39,39,3.41666667
"210","DFO_SoGulf","Gadus morhua","Gadidae","Gadus","morhua",-0.0140216293338784,-0.00629526406458164,0.0800818257675927,-0.351699172798848,TRUE,"demersal",-2.29802920221084,"commercial",200,4.420000076,0.140000001,45,39,3.41666667
"208","DFO_SoGulf","Glyptocephalus cynoglossus","Pleuronectidae","Glyptocephalus","cynoglossus",-0.0148588559188526,-0.00399651662647144,1.84309940956466,0.519417498702247,TRUE,"demersal",-0.0100465941607645,"commercial",73.19999695,3.140000105,0.189999998,39,39,3.41666667
"207","DFO_SoGulf","Hippoglossoides platessoides","Pleuronectidae","Hippoglossoides","platessoides",-0.0130150516596205,-0.0088190022461665,0.182803233953318,-0.293449661240187,TRUE,"demersal",-1.87238199971824,"commercial",51.65000153,3.650000095,0.100000001,36,39,3.41666667
"209","DFO_SoGulf","Myoxocephalus octodecemspinosus","Cottidae","Myoxocephalus","octodecemspinosus",0.0032869401109832,-0.00531307555180484,-0.162820481428977,-0.0508050424865355,TRUE,"demersal",-0.00725881396289243,"no",46,3.5,0.720000029,16,39,3.41666667
"205","DFO_SoGulf","Urophycis tenuis","Phycidae","Urophycis","tenuis",0.00915232625278193,0.00110890533404782,3.98532100563116,1.35678141087574,TRUE,"demersal",-0.135472558865169,"commercial",135,4.199999809,0.150000006,37,39,3.41666667
"214","NEFSC_Spring","Alosa pseudoharengus","Clupeidae","Alosa","pseudoharengus",0.0376405246339541,0.00453744451249295,1.059791439083,0.0137652602060062,TRUE,"pelagic",-0.0180345049079468,"commercial",48.79999924,3.50999999,0.430000007,21,41,7.8
"222","NEFSC_Spring","Amblyraja radiata","Rajidae","Amblyraja","radiata",0.00490784804790823,0.00514826495145352,0.601841783039354,0.412461183828921,TRUE,"demersal",-0.0879630166851954,"commercial",105,4.019999981,0.129999995,39,41,7.8
"212","NEFSC_Spring","Clupea harengus","Clupeidae","Clupea","harengus",-0.0160692177099871,0.00231595629095132,0.378071791973919,0.058273159861138,TRUE,"demersal",0.0868829252114768,"commercial",54.90000153,3.230000019,0.330000013,47,41,7.8
"211","NEFSC_Spring","Doryteuthis pealeii","Loliginidae","Doryteuthis","pealeii",-0.0166491603991032,-0.00591623199400915,-0.282239168717363,-0.308876192726973,FALSE,"pelagic",-0.00430156075923957,"commercial",50,3.41,NA,50,41,7.8
"217","NEFSC_Spring","Gadus morhua","Gadidae","Gadus","morhua",0.0125607101810972,0.00151686900855803,0.731057520970572,0.147394703664017,TRUE,"demersal",-0.138235219276713,"commercial",200,4.420000076,0.140000001,45,41,7.8
"228","NEFSC_Spring","Glyptocephalus cynoglossus","Pleuronectidae","Glyptocephalus","cynoglossus",-0.00117645817989243,0.0046472798490821,1.03166607058528,0.252710296368199,TRUE,"demersal",-0.0367259551592423,"commercial",73.19999695,3.140000105,0.189999998,39,41,7.8
"213","NEFSC_Spring","Hemitripterus americanus","Hemitripteridae","Hemitripterus","americanus",0.00931365302418224,0.000726953437371405,-0.0764383214261412,0.08487888791981,TRUE,"demersal",0.0101559743729626,"no",64,4.46999979,NA,25,41,7.8
"232","NEFSC_Spring","Hippoglossina oblonga","Paralichthyidae","Hippoglossina","oblonga",0.00623988237072813,-0.00023091471931183,0.0728681347846105,-0.323854063481276,TRUE,"demersal",0.00443712388492138,"no",41,4.170000076,0.409999996,18,41,7.8
"227","NEFSC_Spring","Hippoglossoides platessoides","Pleuronectidae","Hippoglossoides","platessoides",0.00315405097823281,0.000882849332452511,0.380482633230468,0.133014205227711,TRUE,"demersal",-0.0278587115288681,"commercial",51.65000153,3.650000095,0.100000001,36,41,7.8
"218","NEFSC_Spring","Homarus americanus","Nephropidae","Homarus","americanus",0.0618503180184858,0.00775025586992647,-0.0978205749213429,-0.0266544282206249,FALSE,"demersal",0.0175636406997769,"commercial",64,NA,NA,19,41,7.8
"231","NEFSC_Spring","Leucoraja ocellata","Rajidae","Leucoraja","ocellata",-0.00365023837656663,0.000842734664986993,1.47650159216971,0.0251914406097552,TRUE,"demersal",0.00224110633518208,"commercial",110,4.369999886,0.100000001,17,41,7.8
"236","NEFSC_Spring","Limanda ferruginea","Pleuronectidae","Limanda","ferruginea",0.0294456698854423,0.00149150001788136,0.660991348800737,0.0342095420610038,TRUE,"demersal",-0.0794779883498012,"commercial",64,3.220000029,0.340000004,17,41,7.8
"225","NEFSC_Spring","Lophius americanus","Lophiidae","Lophius","americanus",0.0157320577872609,0.00529953838943783,1.20656879281095,0.251613022644201,TRUE,"demersal",-0.0673437043881997,"commercial",120,4.5,0.100000001,35,41,7.8
"233","NEFSC_Spring","Melanogrammus aeglefinus","Gadidae","Melanogrammus","aeglefinus",0.000685052715365702,1.97911187176559e-05,0.0344123552089441,0.0871628637212164,TRUE,"demersal",0.0691588571428921,"commercial",112,4.090000153,0.209999993,44,41,7.8
"224","NEFSC_Spring","Merluccius bilinearis","Merlucciidae","Merluccius","bilinearis",0.0440938855655431,0.00900543255069789,0.134836151094609,-0.244831912003021,TRUE,"demersal",-0.078517951633747,"commercial",76,4.260000229,0.379999995,31,41,7.8
"215","NEFSC_Spring","Myoxocephalus octodecemspinosus","Cottidae","Myoxocephalus","octodecemspinosus",0.00796590080798812,0.000429632475591262,-0.336100626576558,0.0473922486372307,TRUE,"demersal",0.00922983887077033,"no",46,3.5,0.720000029,16,41,7.8
"220","NEFSC_Spring","Peprilus triacanthus","Stromateidae","Peprilus","triacanthus",0.0118152596539851,-0.0024391601279387,-0.599236616414314,-0.194517589231242,TRUE,"demersal",-0.00718410448709267,"commercial",30,3.970000029,0.800000012,32,41,7.8
"235","NEFSC_Spring","Pollachius virens","Gadidae","Pollachius","virens",0.008650964208355,0.00181535025901978,1.26559779950467,0.289896942068305,TRUE,"demersal",-0.0477177771754486,"commercial",130,4.380000114,0.129999995,44,41,7.8
"216","NEFSC_Spring","Prionotus carolinus","Triglidae","Prionotus","carolinus",-0.0131699133660361,0.000998505882364514,0.219661393183854,-0.258788734353629,TRUE,"demersal",-0.0862007549663355,"no",38,4.119999886,0.300000012,18,41,7.8
"226","NEFSC_Spring","Pseudopleuronectes americanus","Pleuronectidae","Pseudopleuronectes","americanus",0.0181226223917085,0.00164258821394642,0.408148108512914,0.0547964928612501,TRUE,"demersal",-0.00642421136523607,"commercial",64,2.829999924,0.330000013,24,41,7.8
"221","NEFSC_Spring","Scophthalmus aquosus","Scophthalmidae","Scophthalmus","aquosus",0.0149833053188833,0.00188892792854017,0.166420099752143,0.0191271199131653,TRUE,"demersal",-0.0216085006659743,"commercial",45.70000076,3.549999952,0.25999999,21,41,7.8
"230","NEFSC_Spring","Sebastes fasciatus","Sebastidae","Sebastes","fasciatus",0.00011445912674482,0.000569450950284719,-0.204642964242931,0.0528655421691571,TRUE,"demersal",0.109963490172939,"commercial",30,3.160000086,0.189999998,29,41,7.8
"234","NEFSC_Spring","Squalus acanthias","Squalidae","Squalus","acanthias",-0.0175701135268855,0.00217460525409892,-0.578194578347583,-0.00528049059426308,TRUE,"demersal",0.855519964906669,"commercial",160,4.300000191,0.079999998,129,41,7.8
"219","NEFSC_Spring","Urophycis chuss","Phycidae","Urophycis","chuss",0.0437561930689162,0.00705675330689606,1.34919881130365,0.0249479014067464,TRUE,"demersal",-0.0388830096830872,"commercial",66,3.640000105,0.189999998,13,41,7.8
"223","NEFSC_Spring","Urophycis tenuis","Phycidae","Urophycis","tenuis",0.0104189716530904,0.00483056190638278,0.967150269669118,0.421710569672606,TRUE,"demersal",-0.0908738576749763,"commercial",135,4.199999809,0.150000006,37,41,7.8
"229","NEFSC_Spring","Zoarces americanus","Zoarcidae","Zoarces","americanus",0.00805769664695619,4.72278016781011e-06,0.450865739299051,0.024999564326296,TRUE,"demersal",-0.0508588072048929,"commercial",110,3.420000076,0.090000004,21,41,7.8
"265","SEFSC_GOMex","Achelous spinicarpus","Portunidae","Achelous","spinicarpus",-0.0533006067533889,-0.0151954377681489,0.235589312958991,0.357839125641214,FALSE,"demersal",-0.00502803180119017,"no",NA,NA,NA,NA,25,3.9985
"243","SEFSC_GOMex","Achelous spinimanus","Portunidae","Achelous","spinimanus",-0.0573806433376546,0.00246520155844406,0.0133020121214574,0.105473464356532,FALSE,"demersal",-0.00389990517086191,"no",13,NA,NA,NA,25,3.9985
"268","SEFSC_GOMex","Amusium papyraceum","Pectinidae","Amusium","papyraceum",0.00356379223427691,-0.00221951166902475,-0.135698356795331,0.131504768890248,FALSE,"demersal",0.00280320375483089,"no",5.08,NA,NA,NA,25,3.9985
"245","SEFSC_GOMex","Anchoa hepsetus","Engraulidae","Anchoa","hepsetus",0.00198702114955122,-0.00862148272667395,0.178254499283086,0.0882315561048226,TRUE,"pelagic",-0.00383183978408769,"commercial",15.30000019,3.329999924,0.959999979,80,25,3.9985
"258","SEFSC_GOMex","Calappa sulcata","Calappidae","Calappa","sulcata",-0.0318969267433256,-0.00960795386864752,0.555746386577368,0.169470006356737,FALSE,"demersal",0.00213167978104841,"no",NA,NA,NA,NA,25,3.9985
"257","SEFSC_GOMex","Callinectes sapidus","Portunidae","Callinectes","sapidus",0.010953015546442,0.00536375131061257,0.418692373620641,0.0447390235429269,FALSE,"demersal",-0.00267704874134592,"commercial",22.7,4,NA,NA,25,3.9985
"239","SEFSC_GOMex","Callinectes similis","Portunidae","Callinectes","similis",-0.0153274178356235,-0.000860758649025534,0.231576113254789,0.103905575939757,FALSE,"demersal",-0.024147697449145,"no",12.2,3.95,NA,NA,25,3.9985
"260","SEFSC_GOMex","Centropristis philadelphica","Serranidae","Centropristis","philadelphica",-0.0103588522159908,-0.00601966953656572,0.449042548219537,0.232651232821423,TRUE,"demersal",-0.0427828373910543,"no",30,3.890000105,0.349999994,11,25,3.9985
"246","SEFSC_GOMex","Chloroscombrus chrysurus","Carangidae","Chloroscombrus","chrysurus",0.00466686089812125,0.00972865263391115,0.0550422226658363,0.0489470885677395,TRUE,"pelagic",0.0638046466652871,"no",65,3.210000038,0.349999994,56,25,3.9985
"252","SEFSC_GOMex","Cyclopsetta chittendeni","Paralichthyidae","Cyclopsetta","chittendeni",-0.00957795265341718,-0.00626539240865144,0.0255720882713702,0.209149813727012,TRUE,"demersal",0.00229749913765736,"commercial",32,3.559999943,0.779999971,NA,25,3.9985
"250","SEFSC_GOMex","Cynoscion spp.","Sciaenidae","Cynoscion",NA,0.000966197007656428,0.000295127492969872,0.134000656934911,-0.0257022394880641,TRUE,"demersal",0.0186761044076489,"commercial",NA,NA,NA,NA,25,3.9985
"276","SEFSC_GOMex","Diplectrum bivittatum","Serranidae","Diplectrum","bivittatum",-0.035220411596841,-0.00551810758347569,0.0495823844694417,0.121812363513549,TRUE,"demersal",-0.0211251342836474,"commercial",25,3.950000048,0.409999996,34,25,3.9985
"237","SEFSC_GOMex","Etropus crossotus","Paralichthyidae","Etropus","crossotus",-0.00664671228357735,-0.00236514444424477,-0.019456626379021,0.0141467485152481,TRUE,"demersal",-0.00484092132581828,"no",20,3.279999971,0.899999976,70,25,3.9985
"253","SEFSC_GOMex","Halieutichthys aculeatus","Ogcocephalidae","Halieutichthys","aculeatus",-0.0334839855434601,-0.00908341027872067,-0.207522510499061,0.197062164232993,TRUE,"demersal",-0.00180111910881987,"no",10,3.25,0.409999996,18,25,3.9985
"249","SEFSC_GOMex","Harengula jaguana","Clupeidae","Harengula","jaguana",0.0122631507756445,-0.00332062269549,0.233418283175725,0.105522253239992,TRUE,"demersal",0.00163829743254822,"commercial",21.20000076,3.269999981,0.610000014,80,25,3.9985
"272","SEFSC_GOMex","Lagocephalus laevigatus","Tetraodontidae","Lagocephalus","laevigatus",0.0224098468783618,0.00863301608335022,0.157067553149764,0.114138836678894,TRUE,"pelagic",-0.00183583144721086,"no",100,4.019999981,0.129999995,NA,25,3.9985
"254","SEFSC_GOMex","Lagodon rhomboides","Sparidae","Lagodon","rhomboides",0.0148437955279953,-0.00507730857267628,0.305089891133999,0.120588161865415,TRUE,"demersal",-0.00388587956818559,"no",40,3.579999924,0.319999993,23,25,3.9985
"241","SEFSC_GOMex","Leiostomus xanthurus","Sciaenidae","Leiostomus","xanthurus",0.0181616987419082,-0.000912424836341476,0.153128827473342,-0.000463402107166108,TRUE,"demersal",-0.0365301495696574,"commercial",36,3.940000057,0.649999976,24,25,3.9985
"238","SEFSC_GOMex","Lepophidium brevibarbe","Ophidiidae","Lepophidium","brevibarbe",-0.0303728296288516,-0.00792595574824005,0.338600074910316,0.161238008880313,TRUE,"demersal",-0.00574625993679236,"no",31.71999931,3.579999924,0.419999987,56,25,3.9985
"279","SEFSC_GOMex","Litopenaeus setiferus","Penaeidae","Litopenaeus","setiferus",0.0115293526119709,0.00511934133576061,0.178978534122973,0.0715088085101139,FALSE,"demersal",0.0523507848007081,"commercial",20,NA,5.434,NA,25,3.9985
"269","SEFSC_GOMex","Loligo pealeii","Loliginidae","Loligo","pealeii",-0.0476695355184766,-0.00881447335735757,0.476983343043055,0.311660948649314,FALSE,"demersal",-0.0244633042102697,"commercial",50,3.41,0.59,50,25,3.9985
"270","SEFSC_GOMex","Lolliguncula brevis","Loliginidae","Lolliguncula","brevis",-0.0146648018428439,0.00795621133573621,-0.0603087238766651,0.0216102449746933,FALSE,"demersal",0.000491167509217304,"no",12,4.5,NA,63,25,3.9985
"262","SEFSC_GOMex","Lutjanus campechanus","Lutjanidae","Lutjanus","campechanus",-0.017009612351472,-0.00334577399882894,0.589271036306784,0.134615033386772,TRUE,"demersal",0.00373655678688382,"commercial",100,4.010000229,0.159999996,47,25,3.9985
"248","SEFSC_GOMex","Micropogonias undulatus","Sciaenidae","Micropogonias","undulatus",0.0147295153615132,0.00631984677529284,0.19589753544531,-0.0129660178010291,TRUE,"demersal",0.416303404612277,"commercial",55,3.309999943,0.270000011,80,25,3.9985
"281","SEFSC_GOMex","Penaeus aztecus","Penaeidae","Penaeus","aztecus",0.0193750078028443,0.0026314189057406,0.371688837896171,0.182497562833241,FALSE,"demersal",-0.0174388564839397,"commercial",23.6,NA,3.272,NA,25,3.9985
"282","SEFSC_GOMex","Penaeus duorarum","Penaeidae","Penaeus","duorarum",-0.0598790544565011,-0.00840441635397843,0.0234900066975413,0.0331398174266296,FALSE,"demersal",0.00356147617383883,"commercial",28,NA,2.034,NA,25,3.9985
"266","SEFSC_GOMex","Peprilus burti","Stromateidae","Peprilus","burti",0.00457397727302099,-0.00100793836562447,-0.0804735363840775,0.0946863446750005,TRUE,"demersal",-0.101822497289389,"commercial",25,4,2.309999943,18,25,3.9985
"264","SEFSC_GOMex","Porichthys plectrodon","Batrachoididae","Porichthys","plectrodon",-0.0172395708699286,-0.00325053475295811,0.445710189239097,0.133427565094158,TRUE,"demersal",-0.00988252999501067,"no",29,4.420000076,0.219999999,31,25,3.9985
"255","SEFSC_GOMex","Portunus gibbesii","Portunidae","Portunus","gibbesii",-0.0159402102283466,-0.00179823302330395,-0.000678244284263425,0.0310707447145139,FALSE,"demersal",-0.00235590290251728,"no",7.5,NA,NA,NA,25,3.9985
"244","SEFSC_GOMex","Prionotus longispinosus","Triglidae","Prionotus","longispinosus",-0.00605071687074438,-0.00321473217923399,0.333292979235976,0.0953999267466471,TRUE,"demersal",-0.0312325201545528,"no",35,3.720000029,0.330000013,NA,25,3.9985
"263","SEFSC_GOMex","Prionotus paralatus","Triglidae","Prionotus","paralatus",-0.0146343705368344,-0.00413139794344502,0.580220770077692,0.236887231058282,TRUE,"demersal",-0.00900959892480508,"no",17.5,3.549999952,0.629999995,NA,25,3.9985
"256","SEFSC_GOMex","Prionotus stearnsi","Triglidae","Prionotus","stearnsi",-0.0452961211675729,-0.013095703907819,0.275477117270704,0.353704189454243,TRUE,"demersal",-0.00593258014246949,"no",17.5,3.549999952,0.629999995,13,25,3.9985
"247","SEFSC_GOMex","Pristipomoides aquilonaris","Lutjanidae","Pristipomoides","aquilonaris",-0.0196205103477303,-0.00707334513948313,0.710011252761765,0.280477738735583,TRUE,"demersal",-0.0121401249258554,"no",56,3.910000086,0.270000011,56,25,3.9985
"283","SEFSC_GOMex","Saurida brasiliensis","Synodontidae","Saurida","brasiliensis",-0.0440012617634583,-0.00690864991645852,0.430172995691639,0.217252700325239,TRUE,"demersal",-0.00237080305381768,"no",25,4.199999809,0.949999988,56,25,3.9985
"277","SEFSC_GOMex","Serranus atrobranchus","Serranidae","Serranus","atrobranchus",-0.0445465494284231,-0.0141219726803599,0.577651834659177,0.331746506626957,TRUE,"demersal",-0.011504144234304,"commercial",19,3.589999914,0.529999971,NA,25,3.9985
"251","SEFSC_GOMex","Sicyonia brevirostris","Sicyoniidae","Sicyonia","brevirostris",-0.0206215279299069,-0.00761606547145385,0.200934977162789,0.167845414366815,FALSE,"demersal",-0.0226187116234149,"commercial",15.3,NA,NA,NA,25,3.9985
"242","SEFSC_GOMex","Sicyonia dorsalis","Sicyoniidae","Sicyonia","dorsalis",-0.0285257826208182,-0.00837659082360698,0.217481814268013,0.149685491011022,FALSE,"demersal",-0.00500436032962172,"no",7.5,NA,NA,NA,25,3.9985
"267","SEFSC_GOMex","Solenocera spp.","Solenoceridae","Solenocera",NA,-0.0425527316890157,-0.0167539250568216,0.143159457858101,0.35976080976457,FALSE,"demersal",-0.00200140941063626,"no",NA,NA,NA,NA,25,3.9985
"240","SEFSC_GOMex","Sphoeroides parvus","Tetraodontidae","Sphoeroides","parvus",-0.0174131066542842,-0.000633704615341871,-0.162587527279076,0.0637253449228515,TRUE,"demersal",-0.00228048863925498,"no",15,3.160000086,0.75999999,13,25,3.9985
"278","SEFSC_GOMex","Stenotomus caprinus","Sparidae","Stenotomus","caprinus",-0.00946056591264103,-0.00386247908568808,0.109310694435183,0.175060416003087,TRUE,"demersal",-0.0882844019163257,"commercial",30,3.059999943,0.25999999,17,25,3.9985
"259","SEFSC_GOMex","Stephanolepis hispidus","Monacanthidae","Stephanolepis","hispidus",0.00438436643866129,0.000115536401892341,-0.16963469572605,0.094028108296216,TRUE,"demersal",-0.00136880400804148,"no",25.75,2.170000076,0.389999986,NA,25,3.9985
"280","SEFSC_GOMex","Synodus foetens","Synodontidae","Synodus","foetens",-0.0108850130254269,-0.00469643093832747,-0.030008100186795,0.175684855739318,TRUE,"demersal",-0.00803162152827844,"no",53.61000061,4.5,0.469999999,NA,25,3.9985
"271","SEFSC_GOMex","Synodus poeyi","Synodontidae","Synodus","poeyi",-0.0230649588824572,-0.00861070046916401,0.207972209587304,0.26182856174299,TRUE,"demersal",-0.00233949507432846,"no",25,4.489999771,0.949999988,20,25,3.9985
"275","SEFSC_GOMex","Trachurus lathami","Carangidae","Trachurus","lathami",-0.000844441051707276,-0.00295323372882204,0.440444539728559,0.204640962729281,TRUE,"demersal",-0.0386625716932611,"no",40,3.99000001,0.189999998,82,25,3.9985
"274","SEFSC_GOMex","Trachypeneus spp.","Penaeidae","Trachypeneus",NA,-0.0151259878413619,-0.00600428915383564,0.139263264626346,0.12417417426359,FALSE,"demersal",-0.0949832724237401,"no",NA,NA,NA,NA,25,3.9985
"273","SEFSC_GOMex","Trichiurus lepturus","Trichiuridae","Trichiurus","lepturus",0.00600487015803357,0.00081885232072089,-0.131098261794499,0.0396964739683383,TRUE,"demersal",0.0189968593909803,"commercial",234,4.449999809,0.270000011,103,25,3.9985
"261","SEFSC_GOMex","Upeneus parvus","Mullidae","Upeneus","parvus",0.0021954014030717,0.00245363555895187,0.692486983082634,0.267031419037555,TRUE,"demersal",-0.0185895865593169,"no",30,3.930000067,0.469999999,57,25,3.9985
"292","WestCoast_Tri","Alosa sapidissima","Clupeidae","Alosa","sapidissima",0.138530497464437,0.0906824223654764,-0.558635000049788,-0.112643347655301,TRUE,"pelagic",0.0265108489242823,"commercial",76,3.460000038,0.360000014,39,28,12.73
"297","WestCoast_Tri","Anoplopoma fimbria","Anoplopomatidae","Anoplopoma","fimbria",0.0825013328371024,0.0628295144278068,-2.25154274439172,-1.01864925975947,TRUE,"demersal",0.476580862536149,"commercial",120,3.829999924,0.189999998,41,28,12.73
"325","WestCoast_Tri","Atheresthes stomias","Pleuronectidae","Atheresthes","stomias",0.088049591569159,0.0719205476790674,-1.16696765971934,-1.47910443401531,TRUE,"demersal",0.492044419444086,"no",84,4.260000229,0.090000004,32,28,12.73
"317","WestCoast_Tri","Bathyraja spp.","Rajidae","Bathyraja",NA,0.065404618364985,0.0888993458984596,-0.644492547933887,-0.807250337891107,TRUE,"demersal",0.011066841064506,"no",NA,NA,NA,NA,28,12.73
"301","WestCoast_Tri","Citharichthys sordidus","Paralichthyidae","Citharichthys","sordidus",0.0560655854162553,-0.0170238306679698,-0.25635724711289,-0.424379257758905,TRUE,"demersal",0.398783277637129,"commercial",41,3.450000048,0.300000012,NA,28,12.73
"309","WestCoast_Tri","Clupea pallasii","Clupeidae","Clupea","pallasii",0.0250606702222619,-0.0440366175335444,-0.428409861685201,-0.359060857484278,TRUE,"pelagic",0.121745156809501,"commercial",46,3.150000095,0.370000005,44,28,12.73
"315","WestCoast_Tri","Eopsetta jordani","Pleuronectidae","Eopsetta","jordani",0.0282581862511471,0.0384588558727886,-0.813808111310661,-0.456261529030657,TRUE,"demersal",0.00580489904159112,"commercial",70,4.050000191,0.159999996,36,28,12.73
"295","WestCoast_Tri","Gadus macrocephalus","Gadidae","Gadus","macrocephalus",-0.0187539325132199,0.0788385409856603,-0.533477149828851,0.281756617407876,TRUE,"demersal",-0.0216317757184033,"commercial",119,4.010000229,0.230000004,29,28,12.73
"286","WestCoast_Tri","Glyptocephalus zachirus","Pleuronectidae","Glyptocephalus","zachirus",0.0668236290308945,0.0760238353752581,-0.644669563437661,-1.16331246041416,TRUE,"demersal",0.311418107059702,"commercial",60,3.24000001,0.150000006,36,28,12.73
"284","WestCoast_Tri","Hippoglossoides elassodon","Pleuronectidae","Hippoglossoides","elassodon",0.0695673542407362,0.0531124311681758,1.25142672396129,-0.273020485102853,TRUE,"demersal",0.0357142829754598,"commercial",63.43999863,3.640000105,0.140000001,22,28,12.73
"305","WestCoast_Tri","Hydrolagus colliei","Chimaeridae","Hydrolagus","colliei",0.0588614446042401,0.0736308221059095,0.366988617612835,-0.877184271396493,TRUE,"demersal",-0.0751778605577685,"no",97,3.680000067,0.209999993,30,28,12.73
"324","WestCoast_Tri","Lepidopsetta spp.","Pleuronectidae","Lepidopsetta",NA,0.0468430607206633,0.0655365713355486,-0.164826762021198,-0.0596994908737363,TRUE,"demersal",0.00233358798812131,"commercial",NA,NA,NA,NA,28,12.73
"287","WestCoast_Tri","Loligo opalescens","Loliginidae","Loligo","opalescens",-0.0399597274414943,-0.0223754761648216,-1.0347015079684,-0.465362047593245,FALSE,"demersal",-0.00104891074023781,"commercial",19,3.86,1,25,28,12.73
"308","WestCoast_Tri","Lycodes cortezianus","Zoarcidae","Lycodes","cortezianus",0.0649510626879177,0.0879652252463559,1.3111559459293,-0.426978811326095,TRUE,"demersal",0.0125711681054469,"no",50,3.460000038,0.170000002,NA,28,12.73
"290","WestCoast_Tri","Lyopsetta exilis","Pleuronectidae","Lyopsetta","exilis",0.108268761343623,0.103452271965884,-0.801411049387682,-1.90435383895446,TRUE,"demersal",0.0432281896559653,"no",35,3.440000057,0.25,NA,28,12.73
"306","WestCoast_Tri","Merluccius productus","Merlucciidae","Merluccius","productus",0.0839480454107722,0.0374858436916096,0.0713810524291692,-1.55105198260386,TRUE,"pelagic",3.2110870655289,"commercial",91,4.349999905,0.230000004,36,28,12.73
"288","WestCoast_Tri","Metacarcinus magister","Cancridae","Metacarcinus","magister",-0.0183587178052078,0.0220344746420613,0.259735966202937,0.244293040198578,FALSE,"demersal",0.0154850805326128,"commercial",NA,4,NA,NA,28,12.73
"299","WestCoast_Tri","Microgadus proximus","Gadidae","Microgadus","proximus",0.0190639554519256,0.000200349903147412,-0.178178543512082,-0.208668634187757,TRUE,"demersal",0.00820275964797424,"no",37.20999908,3.579999924,0.349999994,26,28,12.73
"293","WestCoast_Tri","Microstomus pacificus","Pleuronectidae","Microstomus","pacificus",0.10230425276863,0.0892021312088223,-0.947233903361073,-1.12909423989716,TRUE,"demersal",0.522209348300717,"commercial",76,3.269999981,0.150000006,34,28,12.73
"300","WestCoast_Tri","Oncorhynchus tshawytscha","Salmonidae","Oncorhynchus","tshawytscha",-0.00419162327560615,-0.00935269464719475,-0.963776333760797,-0.756081688047318,TRUE,"demersal",0.00231119320764378,"commercial",150,4.400000095,0.079999998,45,28,12.73
"298","WestCoast_Tri","Ophiodon elongatus","Hexagrammidae","Ophiodon","elongatus",0.0836810215089526,0.10271283612878,1.07844691699692,-1.22056917815369,TRUE,"demersal",-0.0717345339142117,"commercial",152,4.320000172,0.219999999,6,28,12.73
"323","WestCoast_Tri","Parophrys vetulus","Pleuronectidae","Parophrys","vetulus",0.0349500250736718,0.0264185958863008,-0.394182886387444,-0.580077739741134,TRUE,"demersal",0.234281735612998,"commercial",57,3.390000105,0.289999992,40,28,12.73
"313","WestCoast_Tri","Porichthys notatus","Batrachoididae","Porichthys","notatus",-0.0220003529897646,-0.0149812518797641,-0.0304304829301341,-1.60268288150466,TRUE,"demersal",-0.000633173027592834,"no",38,4.039999962,0.170000002,30,28,12.73
"289","WestCoast_Tri","Raja rhina","Rajidae","Raja","rhina",0.0825618979185308,0.0607211444187085,0.714004299084532,-1.29729806071668,TRUE,"demersal",0.0502945471105034,"commercial",140,3.849999905,0.200000003,39,28,12.73
"321","WestCoast_Tri","Sebastes alutus","Sebastidae","Sebastes","alutus",0.0797994083624548,0.0788800440154352,-0.123883095173703,-0.419551261452953,TRUE,"demersal",-0.220064888339536,"commercial",53,3.5,0.129999995,40,28,12.73
"322","WestCoast_Tri","Sebastes babcocki","Sebastidae","Sebastes","babcocki",0.134187474856691,0.11820006242694,-0.629146695895906,-0.619707392136657,TRUE,"demersal",-0.0123908591595996,"no",64,3.730000019,0.090000004,34,28,12.73
"314","WestCoast_Tri","Sebastes crameri","Sebastidae","Sebastes","crameri",0.105531050925772,0.0752015796965959,-2.87963962804002,-1.31682659422579,TRUE,"demersal",-0.0335700437625836,"commercial",58,3.710000038,0.090000004,34,28,12.73
"291","WestCoast_Tri","Sebastes diploproa","Sebastidae","Sebastes","diploproa",0.0517392907541397,0.0628236538493993,-0.825350490619645,-0.204109416840768,TRUE,"demersal",0.139776243451383,"no",46,3.660000086,0.119999997,32,28,12.73
"296","WestCoast_Tri","Sebastes elongatus","Sebastidae","Sebastes","elongatus",0.101747993489881,0.110721904612537,0.28516592674818,-0.862856880055379,TRUE,"demersal",0.0425788637092245,"no",39,3.630000114,0.109999999,32,28,12.73
"302","WestCoast_Tri","Sebastes entomelas","Sebastidae","Sebastes","entomelas",0.0694687460344394,0.0996001256451402,1.13957025664341,-0.9700691723554,TRUE,"pelagic",-0.0110657575999793,"commercial",60,3.680000067,0.090000004,28,28,12.73
"294","WestCoast_Tri","Sebastes flavidus","Sebastidae","Sebastes","flavidus",0.145269425998936,0.114555098052592,0.620477423260255,-0.0192182482994699,TRUE,"demersal",-0.0331468092494561,"commercial",66,4.110000134,0.150000006,28,28,12.73
"318","WestCoast_Tri","Sebastes goodei","Sebastidae","Sebastes","goodei",0.0228391513625527,0.000907176091306292,0.143220757334795,-1.08345987235391,TRUE,"demersal",0.0645129722760038,"commercial",56,3.460000038,0.230000004,30,28,12.73
"320","WestCoast_Tri","Sebastes helvomaculatus","Sebastidae","Sebastes","helvomaculatus",0.112914362049809,0.122863465302745,3.41551633528387,-1.17920824478286,TRUE,"demersal",-0.000754652050401087,"no",41,3.640000105,0.129999995,NA,28,12.73
"303","WestCoast_Tri","Sebastes jordani","Sebastidae","Sebastes","jordani",-0.0217726822154428,0.00780920671415502,-1.18289128891378,-1.92486919056743,TRUE,"demersal",-0.0145860264643193,"no",32,3.200000048,0.239999995,NA,28,12.73
"316","WestCoast_Tri","Sebastes paucispinis","Sebastidae","Sebastes","paucispinis",0.0726619728132702,-0.00211133954377672,0.834000770072466,-1.07817556793076,TRUE,"demersal",-0.0709348369076025,"commercial",91,3.50999999,0.119999997,34,28,12.73
"307","WestCoast_Tri","Sebastes pinniger","Sebastidae","Sebastes","pinniger",0.029370773474804,0.0787397699927529,-0.264352398833769,-0.240864594883105,TRUE,"demersal",-0.106535413784381,"commercial",84.36000061,3.799999952,0.119999997,34,28,12.73
"311","WestCoast_Tri","Sebastes proriger","Sebastidae","Sebastes","proriger",-0.0568959564519162,0.102751080573553,-0.00389938024983405,-0.711922267761395,TRUE,"demersal",-0.121780230589675,"no",61,3.720000029,0.159999996,34,28,12.73
"304","WestCoast_Tri","Sebastes saxicola","Sebastidae","Sebastes","saxicola",0.058155656762771,0.0253378152168636,0.257397369835873,-0.762970746021135,TRUE,"demersal",0.0273304572916851,"commercial",38,3.619999886,0.109999999,NA,28,12.73
"312","WestCoast_Tri","Sebastes zacentrus","Sebastidae","Sebastes","zacentrus",-0.00392369685940817,0.113853105145301,-0.981273775493764,-1.24821653087675,TRUE,"demersal",-0.0616348570857395,"no",39,3.630000114,0.090000004,27,28,12.73
"310","WestCoast_Tri","Sebastolobus alascanus","Sebastidae","Sebastolobus","alascanus",0.0586049154898243,0.0671917700976303,2.56625843342943,1.34742636059384,TRUE,"demersal",0.0256950034476299,"commercial",97.59999847,3.609999895,0.059999999,NA,28,12.73
"319","WestCoast_Tri","Squalus acanthias","Squalidae","Squalus","acanthias",0.169632851840307,0.0980782061218724,-0.706954208163046,-0.993007721706596,TRUE,"demersal",-0.558467755576374,"commercial",160,4.300000191,0.079999998,129,28,12.73
"285","WestCoast_Tri","Thaleichthys pacificus","Osmeridae","Thaleichthys","pacificus",0.166993898484257,0.107445651688225,0.0614966778904756,0.27872955550006,TRUE,"pelagic",0.0288436587384225,"commercial",34,3.25,0.340000004,25,28,12.73
